原名称,新名称,注：1、第一行固定不变、删除模板无效；
hhd800.com@1jera00012_4Ks.mp4,森沢かな（飯岡かなこ）-1jera00012.mp4,
hhd800.com@jur00497_4K60fps.mp4,木下凛々子-jur00497.mp4,
hhd800.com@ssis00952_4K60fps.mp4,小宵こなん-ssis00952.mp4,
hhd800.com@ssis00414_4K60fps2.mp4,小宵こなん-ssis00414.mp4,
hhd800.com@ssis00448_4K60fps.mp4,三上悠亜-ssis00448.mp4,
hhd800.com@ssis00419_4K60fps.mp4,三上悠亜-ssis00419.mp4,
hhd800.com@1start00449_4Ks.mp4,本庄鈴-1start00449.mp4,
hhd800.com@agav00151_4Ks.mp4,神村さつき-agav00151.mp4,
hhd800.com@1start00433_4Ks.mp4,新川空-1start00433.mp4,
hhd800.com@1dldss00433_4Ks.mp4,小沢菜穂-1dldss00433.mp4,
hhd800.com@sone00952_4K60fps.mp4,新木希空-sone00952.mp4,
hhd800.com@sone00999_4K60fps.mp4,音無鈴-sone00999.mp4,
hhd800.com@sone00918_4K60fps.mp4,楓ふうあ-sone00918.mp4,
hhd800.com@sone00943_4K60fps.mp4,浅野こころ-sone00943.mp4,
hhd800.com@mfyd00055_4K60fps.mp4,相葉美沙子-mfyd00055.mp4,
hhd800.com@ipx00758_4K60fps.mp4,楓カレン-ipx00758.mp4,
hhd800.com@fjin00103_4Ks.mp4,メロディー・雛・マークス-fjin00103.mp4,
hhd800.com@sora00613_4Ks.mp4,メロディー・雛・マークス-sora00613.mp4,
hhd800.com@jur00477_4K60fps.mp4,神宮寺ナオ-jur00477.mp4,
hhd800.com@sone00892_4K60fps.mp4,金松季歩-sone00892.mp4,
hhd800.com@ipzz00684_4K60fps.mp4,愛才りあ-ipzz00684.mp4,
hhd800.com@1dldss00428_4Ks.mp4,美乃すずめ-1dldss00428.mp4,
hhd800.com@mird00264_4K60fps.mp4,葵いぶき-mird00264.mp4,
hhd800.com@mida00176_4K60fps.mp4,石川澪-mida00176.mp4,
hhd800.com@mngs00012_4K60fps.mp4,七瀬アリス-mngs00012.mp4,
hhd800.com@ckck00007_4K60fps.mp4,溜池ゴロー-ckck00007.mp4,
hhd800.com@lucy00018_4Ks.mp4,倉木しおり-lucy00018.mp4,
hhd800.com@sone00957_4K60fps.mp4,音無鈴-sone00957.mp4,
hhd800.com@sone00905_4K60fps.mp4,浅野こころ-sone00905.mp4,
hhd800.com@1moon00047_4Ks.mp4,森沢かな（飯岡かなこ）-1moon00047.mp4,
hhd800.com@sone00967_4K60fps.mp4,河北彩伽（河北彩花）-sone00967.mp4,
hhd800.com@1start00370_4Ks.mp4,小倉由菜-1start00370.mp4,
hhd800.com@mmbf00002_4Ks.mp4,倉木しおり-mmbf00002.mp4,
hhd800.com@1start00405_4Ks.mp4,神木麗-1start00405.mp4,
hhd800.com@mikr00037_4K60fps.mp4,森日向子-mikr00037.mp4,
hhd800.com@1start00392_4Ks.mp4,一宮るい-1start00392.mp4,
hhd800.com@ebwh00257_4K60fps.mp4,美谷朱音（美谷朱里）-ebwh00257.mp4,
hhd800.com@1start00184_4Ks.mp4,本庄鈴-1start00184.mp4,
hhd800.com@1start00138_4Ks.mp4,本庄鈴-1start00138.mp4,
hhd800.com@1start00085_4Ks.mp4,本庄鈴-1start00085.mp4,
hhd800.com@1start00166_4Ks.mp4,本庄鈴-1start00166.mp4,
hhd800.com@1start00286_4Ks.mp4,本庄鈴-1start00286.mp4,
hhd800.com@1start00310v_4Ks.mp4,本庄鈴-1start00310v.mp4,
hhd800.com@1start00380_4Ks.mp4,本庄鈴-1start00380.mp4,
hhd800.com@sone00566_4K60fps.mp4,田野憂-sone00566.mp4,
hhd800.com@sone00744_4K60fps.mp4,明日葉みつは-sone00744.mp4,
hhd800.com@1fsdss00849_4Ks.mp4,天使もえ-1fsdss00849.mp4,
hhd800.com@1start00272_4Ks.mp4,神木麗-1start00272.mp4,
hhd800.com@sone00579_4K60fps.mp4,仁藤さや香-sone00579.mp4,
